{
  "claims_stats": {
    "mean_phi": 0.22306297752358556,
    "interpretation": "weak",
    "column_phis": [
      0.2573054695044901,
      0.45316088311282754,
      0.30860990588864473,
      0.2859623051105317,
      0.3260024423502228,
      0.3385070850240518,
      0.2610816842450868,
      0.0,
      0.0,
      0.0
    ],
    "bootstrap_ci": [
      0.23271580893121055,
      0.36255772694911004
    ],
    "p_value": 0.459,
    "significant": false
  },
  "claims_factors": {
    "mean_phi": 0.06179739688971887,
    "interpretation": "weak",
    "column_phis": [
      0.37752798926253867,
      0.24044597963465006,
      0.0,
      0.0,
      0.0,
      0.0,
      0.0,
      0.0,
      0.0,
      0.0
    ],
    "bootstrap_ci": [
      0.0560855606939125,
      0.10441170442973363
    ],
    "p_value": 0.462,
    "significant": false
  },
  "stats_factors": {
    "mean_phi": 0.16915390584350412,
    "interpretation": "weak",
    "column_phis": [
      0.6164724345875395,
      0.5676049063169892,
      0.0,
      0.0,
      0.0,
      0.0,
      0.0
    ],
    "bootstrap_ci": [
      0.13948702915567748,
      0.21603317080417125
    ],
    "p_value": 0.0,
    "significant": true
  },
  "metadata": {
    "n_entities": 43,
    "symbols": [
      "AAVE",
      "ADA",
      "ALGO",
      "API3",
      "APT",
      "ARB",
      "ATOM",
      "AVAX",
      "BAND",
      "BTC",
      "COMP",
      "CRV",
      "DOT",
      "EGLD",
      "ENJ",
      "ETH",
      "FIL",
      "FTM",
      "GRT",
      "HBAR",
      "ICP",
      "IMX",
      "LDO",
      "LINK",
      "LPT",
      "MANA",
      "MKR",
      "NEAR",
      "OCEAN",
      "OP",
      "POL",
      "RENDER",
      "RPL",
      "SAND",
      "SC",
      "SNX",
      "SOL",
      "STORJ",
      "SUI",
      "TRB",
      "UNI",
      "XMR",
      "ZEC"
    ]
  }
}