{
  "n_assets": 43,
  "common_assets": [
    "AAVE",
    "ADA",
    "ALGO",
    "API3",
    "APT",
    "ARB",
    "ATOM",
    "AVAX",
    "BAND",
    "BTC",
    "COMP",
    "CRV",
    "DOT",
    "EGLD",
    "ENJ",
    "ETH",
    "FIL",
    "FTM",
    "GRT",
    "HBAR",
    "ICP",
    "IMX",
    "LDO",
    "LINK",
    "LPT",
    "MANA",
    "MKR",
    "NEAR",
    "OCEAN",
    "OP",
    "POL",
    "RENDER",
    "RPL",
    "SAND",
    "SC",
    "SNX",
    "SOL",
    "STORJ",
    "SUI",
    "TRB",
    "UNI",
    "XMR",
    "ZEC"
  ],
  "matrix_shapes": {
    "claims": [
      43,
      10
    ],
    "stats": [
      43,
      7
    ],
    "factors": [
      43,
      2
    ]
  },
  "comparisons": [
    {
      "comparison": "claims_vs_factors",
      "rv": {
        "value": 0.04999950500488042,
        "ci_lower": 0.03300885971538668,
        "ci_upper": 0.17697859055338494,
        "se": 0.03726404567580643,
        "p_value": 0.309
      },
      "dcor": {
        "value": 0.366814053647851,
        "ci_lower": 0.32642608056725475,
        "ci_upper": 0.575795964013648,
        "se": 0.0634337795914058,
        "p_value": 0.25
      },
      "cca": {
        "canonical_correlations": [
          0.571147875510759,
          0.25009516085604927
        ],
        "mean_correlation": 0.4106215181834041,
        "first_correlation": 0.571147875510759,
        "ci_lower": 0.40997781940863004,
        "ci_upper": 0.7187191665874315,
        "se": 0.08004085046952594,
        "p_value": 0.579,
        "n_components": 2
      },
      "pls": {
        "latent_correlations": [
          0.5201985252652852,
          0.2125652077277057
        ],
        "mean_correlation": 0.36638186649649546,
        "first_correlation": 0.5201985252652852,
        "ci_lower": 0.3264232639504518,
        "ci_upper": 0.5967114392062484,
        "se": 0.07026108354081863,
        "p_value": 0.529,
        "n_components": 2
      }
    },
    {
      "comparison": "claims_vs_stats",
      "rv": {
        "value": 0.0708310837578688,
        "ci_lower": 0.07155852379308258,
        "ci_upper": 0.26080778285470724,
        "se": 0.04721106080477769,
        "p_value": 0.579
      },
      "dcor": {
        "value": 0.5014878631418183,
        "ci_lower": 0.5628242519908888,
        "ci_upper": 0.7127755324189883,
        "se": 0.03977842956482374,
        "p_value": 0.701
      },
      "cca": {
        "canonical_correlations": [
          0.7945592665014253,
          0.6652588856835177,
          0.5497210458556928,
          0.3887981038183485,
          0.3141629610686322,
          0.18848626636977311,
          0.11581671271042926
        ],
        "mean_correlation": 0.4309718917154027,
        "first_correlation": 0.7945592665014253,
        "ci_lower": 0.47827385927033805,
        "ci_upper": 0.6628048727304514,
        "se": 0.045267763116210426,
        "p_value": 0.286,
        "n_components": 7
      },
      "pls": {
        "latent_correlations": [
          0.5227907256268339,
          0.4792993143394955,
          0.2888555167393417,
          0.39914696575326414,
          0.24142247120148333,
          0.37781923316694005,
          0.17150690314162595
        ],
        "mean_correlation": 0.3544058757098549,
        "first_correlation": 0.5227907256268339,
        "ci_lower": 0.3733782717264088,
        "ci_upper": 0.5316782472978875,
        "se": 0.041683773346234194,
        "p_value": 0.373,
        "n_components": 7
      }
    },
    {
      "comparison": "stats_vs_factors",
      "rv": {
        "value": 0.22850691608107523,
        "ci_lower": 0.09245438470702975,
        "ci_upper": 0.5447417992533526,
        "se": 0.12182115743878383,
        "p_value": 0.0
      },
      "dcor": {
        "value": 0.5264055386112261,
        "ci_lower": 0.4615826070835615,
        "ci_upper": 0.7480294796076417,
        "se": 0.07634855278219763,
        "p_value": 0.001
      },
      "cca": {
        "canonical_correlations": [
          0.8850465897026304,
          0.7233878096250567
        ],
        "mean_correlation": 0.8042171996638435,
        "first_correlation": 0.8850465897026304,
        "ci_lower": 0.7386580564371303,
        "ci_upper": 0.9121876907565936,
        "se": 0.04480348873112233,
        "p_value": 0.0,
        "n_components": 2
      },
      "pls": {
        "latent_correlations": [
          0.6187077918036994,
          0.5955437248832445
        ],
        "mean_correlation": 0.6071257583434719,
        "first_correlation": 0.6187077918036994,
        "ci_lower": 0.5105037477429302,
        "ci_upper": 0.7695034233973796,
        "se": 0.06619460999708562,
        "p_value": 0.0,
        "n_components": 2
      }
    }
  ]
}