{
  "n_assets": 43,
  "original_dims": {
    "claims": 10,
    "stats": 7,
    "factors": 2
  },
  "comparisons": [
    {
      "name": "claims_vs_factors",
      "original_dims": [
        10,
        2
      ],
      "matched_dim": 2,
      "phi": 0.20687316518002924,
      "ci_lower": 0.13035518166712481,
      "ci_upper": 0.3814304830560903,
      "se": 0.060617748611842465,
      "p_value": 0.263,
      "significant": false
    },
    {
      "name": "claims_vs_stats",
      "original_dims": [
        10,
        7
      ],
      "matched_dim": 7,
      "phi": 0.30314575979127933,
      "ci_lower": 0.2966800567601243,
      "ci_upper": 0.5100232768101483,
      "se": 0.05318499930169194,
      "p_value": 0.353,
      "significant": false
    },
    {
      "name": "stats_vs_factors",
      "original_dims": [
        7,
        2
      ],
      "matched_dim": 2,
      "phi": 0.36018487071086325,
      "ci_lower": 0.2433291757632206,
      "ci_upper": 0.5516466109919105,
      "se": 0.07763807991463986,
      "p_value": 0.01,
      "significant": true
    }
  ]
}