{
  "cp": {
    "rank": 2,
    "explained_variance": 0.9245111518582052,
    "alignment_phi": 0.06179739688971887,
    "factor_shape": [
      43,
      2
    ]
  },
  "tucker": {
    "ranks": [
      5,
      2,
      2
    ],
    "explained_variance": 0.9246352830967969,
    "alignment_phi": 0.06209425014967995,
    "factor_shape": [
      43,
      2
    ],
    "core_shape": [
      5,
      2,
      2
    ]
  }
}